#TimeStamp;Runtime;Requests
0.54;0.03;18
2.58;0;1
3.73;0;3
4.93;0;4
5.96;0;1
6.96;0;6
7.98;0;2
9;0;3
10.14;0;4
11.71;0;1
12.76;0;4
13.86;0;3
14.87;0;1
16.05;0;4
17.07;0;5
18.1;0;3
19.11;0;3
20.13;0;1
21.31;0;1
22.51;0;10
23.51;0;3
24.56;0;1
25.67;0;2
26.81;0;5
27.96;0;7
28.96;0;1
29.96;0;2
31.05;0;5
32.1;0;2
33.14;0;3
34.18;0;2
35.19;0;2
36.23;0;5
37.23;0;1
38.27;0;1
39.31;0;3
40.32;0;3
41.36;0;2
42.43;0;3
43.77;0;4
45.03;0;2
46.15;0;5
47.22;0;3
48.47;0;4
49.56;0;3
50.93;0;2
51.98;0;2
53.05;0;5
54.4;0;1
55.41;0;3
56.44;0;1
57.49;0;5
58.58;0;2
59.61;0;2
62.04;0;1
63.05;0;2
64.09;0;3
65.09;0;1
67.36;0;1
68.51;0;1
69.55;0;1
70.85;0;1
71.89;0;1
72.89;0;2
77.24;0;1
78.24;0;1
82.94;0;1
87.47;0;1
88.49;0;1
93.11;0;1
97.5;0;1
98.78;0;1
103.27;0;1
107.55;0;1
108.67;0;1
113.19;0;1
117.43;0;1
118.67;0;1
123.29;0;1
127.59;0;1
128.67;0;1
133.67;0;1
137.63;0;1
138.67;0;1
143.67;0;1
147.59;0;1
148.67;0;1
153.67;0;1
157.63;0;1
159.03;0;1
163.67;0;1
167.63;0;1
168.67;0;1
173.56;0;1
177.59;0;1
178.65;0;1
183.67;0;1
188.21;0;2
193.67;0;1
198.23;0;2
203.67;0;1
208.22;0;2
213.55;0;1
217.84;0;2
223.85;0;1
227.9;0;2
233.76;0;1
238.23;0;2
243.57;0;1
248.23;0;2
253.9;0;1
258.23;0;2
263.94;0;1
268.23;0;2
274.36;0;1
277.9;0;1
279.16;0;1
284.36;0;1
287.77;0;1
288.9;0;1
294.36;0;1
297.93;0;1
299.16;0;1
304.33;0;1
308.11;0;1
309.12;0;1
314.36;0;1
318.11;0;1
319.32;0;1
324.36;0;1
328.11;0;1
329.16;0;1
334.65;0;1
337.79;0;1
339.18;0;1
344.65;0;1
348.27;0;2
354.67;0;1
357.99;0;2
364.67;0;1
367.83;0;1
368.87;0;1
374.54;0;1
377.83;0;1
378.83;0;1
382.66;0;1
384.34;0;2
387.85;0;1
389.21;0;2
390.83;0;1
391.83;0;1
392.88;0;1
393.96;0;1
395.35;0;1
396.48;0;1
397.72;0;1
398.81;0;2
399.83;0;1
404.72;0;1
407.87;0;1
408.96;0;1
414.72;0;1
418.31;0;1
419.57;0;1
424.8;0;1
428.31;0;1
429.57;0;1
430.72;0;1
434.8;0;1
435.89;0;1
437.98;0;1
439.02;0;1
444.69;0;1
448.73;0;1
450.03;0;1
455.69;0;1
458.73;0;1
459.99;0;1
466.11;0;1
468.73;0;1
469.99;0;1
476.57;0;1
479.57;0;2
486.57;0;1
489.19;0;1
490.45;0;1
496.57;0;1
499.19;0;1
500.42;0;1
506.57;0;1
509.61;0;2
516.58;0;1
519.21;0;1
520.42;0;1
527;0;1
529.21;0;1
530.47;0;1
537;0;1
539.63;0;1
540.84;0;1
547.42;0;1
549.63;0;1
550.89;0;1
557.84;0;1
559.63;0;1
560.84;0;1
567.84;0;1
569.63;0;1
570.89;0;1
577.84;0;1
579.63;0;1
580.84;0;1
587.84;0;1
590.05;0;2
597.84;0;1
599.63;0;1
600.84;0;1
607.84;0;1
609.63;0;1
610.89;0;1
617.84;0;1
619.63;0;1
620.84;0;1
627.84;0;1
629.63;0;1
630.72;0;1
635.13;0;1
637.15;0;1
639.3;0;2
640.43;0;1
647.51;0;1
650.09;0;1
651.35;0;1
658.26;0;1
660.05;0;1
661.35;0;1
668.26;0;1
670.09;0;1
671.35;0;1
678.26;0;1
680.05;0;1
681.35;0;1
688.26;0;1
690.93;0;2
698.68;0;1
700.93;0;2
705.77;0;1
707.93;0;1
710.51;0;1
711.77;0;1
713.94;0;1
718.68;0;1
720.8;0;1
721.86;0;1
728.68;0;1
730.89;0;1
732.19;0;1
734.18;0;1
738.31;0;1
739.53;0;1
741.06;0;1
742.15;0;1
748.31;0;1
751.31;0;1
752.44;0;1
758.31;0;1
761.68;0;1
762.8;0;1
768.73;0;1
771.73;0;1
773.03;0;1
778.73;0;1
782.1;0;1
783.22;0;1
789.1;0;1
792.15;0;1
793.26;0;1
799.1;0;1
802.19;0;1
803.45;0;1
809.1;0;1
812.19;0;1
813.45;0;1
819.1;0;1
822.19;0;1
823.45;0;1
824.61;0;1
828.4;0;1
831.9;0;1
833.2;0;2
839.17;0;1
842.21;0;1
843.47;0;1
849.61;0;1
852.21;0;1
853.47;0;1
860.03;0;1
862.52;0;1
863.71;0;1
870.83;0;1
871.99;0;1
873.41;0;1
881.25;0;1
882.41;0;1
883.41;0;1
891.67;0;1
892.78;0;1
894.09;0;1
901.67;0;1
902.78;0;1
904.09;0;1
911.67;0;1
912.78;0;1
913.83;0;1
921.67;0;1
922.78;0;1
923.83;0;1
931.67;0;1
932.83;0;1
933.83;0;1
941.67;0;1
942.83;0;1
943.83;0;1
951.67;0;1
952.83;0;1
953.83;0;1
961.67;0;1
962.83;0;1
963.83;0;1
971.67;0;1
972.83;0;1
973.83;0;1
981.67;0;1
982.83;0;1
983.92;0;1
987.66;0;1
991.12;0;1
992.83;0;1
994.05;0;1
995.83;0;1
1001.73;0;1
1003.27;0;2
1011.61;0;1
1013.27;0;2
1018.77;0;1
1021.95;0;1
1022.99;0;1
1024;0;2
1031.74;0;1
1033.23;0;1
1034.53;0;1
1042.11;0;1
1043.27;0;2
1052.11;0;1
1053.27;0;2
1062.53;0;1
1063.65;0;2
1072.53;0;1
1073.65;0;2
1082.53;0;1
1083.65;0;1
1084.95;0;1
1092.53;0;1
1093.69;0;2
1102.53;0;1
1103.69;0;2
1112.53;0;1
1113.69;0;2
1122.95;0;1
1124.07;0;2
1132.95;0;1
1134.07;0;1
1135.16;0;1
1139.07;0;1
1142.86;0;1
1143.95;0;1
1144.95;0;1
1147.24;0;1
1152.54;0;1
1154.39;0;1
1155.79;0;1
1158.04;0;1
1162.21;0;1
1163.38;0;1
1164.45;0;2
1165.47;0;1
1173.47;0;1
1174.59;0;1
1175.89;0;1
1183.88;0;1
1185;0;1
1186.01;0;1
1193.88;0;1
1195;0;1
1196.01;0;1
1203.88;0;1
1205;0;1
1206.01;0;1
1213.88;0;1
1214.97;0;1
1216.01;0;1
1218.72;0;1
1223.88;0;1
1225;0;1
1226.19;0;1
1227.27;0;1
1230.85;0;1
1233.92;0;1
1234.98;0;1
1236.01;0;1
1237.1;0;1
1244.14;0;1
1245.22;0;1
1247.13;0;1
1254.35;0;1
1255.46;0;1
1256.71;0;1
1264.36;0;1
1265.48;0;1
1266.71;0;1
1274.67;0;1
1275.9;0;1
1277.13;0;1
1285.09;0;1
1286.25;0;1
1287.55;0;1
1295.09;0;1
1296.25;0;1
1297.55;0;1
1305.13;0;1
1306.25;0;1
1307.55;0;1
1315.13;0;1
1316.25;0;1
1317.55;0;1
1325.13;0;1
1326.25;0;1
1327.55;0;1
1335.13;0;1
1336.25;0;1
1337.55;0;1
1345.13;0;1
1346.22;0;1
1347.55;0;1
1350.63;0;1
1354.8;0;1
1355.89;0;2
1356.98;0;1
1361.79;0;1
1365.92;0;2
1367.1;0;2
1375.61;0;2
1377.12;0;1
1386.45;0;2
1387.5;0;1
1396.03;0;1
1397.08;0;1
1398.45;0;1
1406.4;0;1
1407.5;0;2
1416.4;0;1
1417.5;0;2
1426.4;0;1
1427.5;0;2
1436.45;0;1
1437.5;0;2
1442.33;0;1
1446.12;0;1
1447.56;0;2
1450.5;0;1
1456.19;0;1
1457.5;0;1
1458.65;0;1
1461.03;0;1
1466.46;0;1
1467.62;0;1
1468.63;0;1
1469.74;0;1
1476.81;0;1
1477.87;0;1
1479.05;0;1
1487.22;0;1
1488.34;0;1
1489.34;0;1
1497.45;0;1
1498.45;0;1
1499.5;0;1
1507.45;0;1
1508.45;0;1
1509.5;0;1
1517.45;0;1
1518.45;0;1
1519.5;0;1
1527.45;0;1
1528.45;0;1
1529.5;0;1
1537.45;0;1
1538.45;0;1
1539.5;0;1
1542.96;0;1
1547.12;0;2
1548.14;0;1
1549.23;0;1
1557.5;0;1
1558.5;0;1
1559.91;0;1
1568.34;0;2
1569.38;0;1
1573.17;0;1
1577.59;0;1
1578.63;0;1
1580;0;1
1581.34;0;1
1587.59;0;1
1588.8;0;1
1590.01;0;1
1597.59;0;1
1598.92;0;1
1600;0;1
1603.09;0;1
1607.26;0;1
1608.35;0;2
1609.45;0;1
1614.45;0;1
1617.63;0;1
1618.79;0;1
1620;0;1
1622.62;0;1
1625;0;1
1628.05;0;1
1629.14;0;2
1630.47;0;1
1631.78;0;1
1635.05;0;1
1638.46;0;2
1639.63;0;1
1643.96;0;1
1647.97;0;2
1649.06;0;1
1650.62;0;1
1652.81;0;1
1657.82;0;1
1659.22;0;1
1660.42;0;1
1661.8;0;1
1668.16;0;1
1669.26;0;1
1670.58;0;1
1678.56;0;1
1679.8;0;1
1681;0;1
1688.56;0;1
1689.8;0;1
1691;0;1
1698.94;0;1
1700;0;1
1701;0;1
1708.94;0;1
1710.08;0;1
1711.1;0;1
1718.94;0;1
1720;0;1
1721.1;0;1
1728.94;0;1
1730.12;0;1
1731.52;0;1
1739.36;0;1
1740.5;0;1
1741.8;0;1
1749.36;0;1
1750.5;0;1
1751.8;0;1
1756.66;0;1
1759.3;0;1
1760.68;0;1
1761.72;0;1
1768.83;0;1
1769.85;0;1
1770.92;0;1
1772.27;0;1
1779.78;0;1
1780.84;0;1
1781.85;0;1
1789.78;0;1
1790.92;0;1
1792.27;0;1
1799.82;0;1
1800.84;0;1
1801.85;0;1
1809.82;0;1
1811.08;0;1
1812.78;0;1
1820;0;1
1821.26;0;1
1823.2;0;1
1830.24;0;1
1831.5;0;1
1833.2;0;1
1840;0;1
1841.09;0;1
1843.2;0;1
1844.84;0;1
1850.24;0;1
1851.36;0;1
1852.96;0;1
1854.27;0;1
1860.42;0;2
1863.2;0;1
1865.92;0;1
1869.94;0;2
1871.03;0;1
1873.24;0;1
1874.36;0;1
1875.44;0;1
1876.44;0;1
1877.49;0;1
1880.04;0;1
1881.35;0;1
1883.24;0;1
1885.7;0;1
1890.53;0;2
1893.24;0;1
1900.49;0;1
1901.75;0;1
1902.91;0;1
1907.77;0;1
1911.33;0;2
1912.49;0;1
1915.94;0;1
1917.98;0;1
1920.65;0;1
1921.74;0;2
1922.91;0;1
1924.16;0;1
1927.03;0;1
1931.33;0;1
1932.59;0;1
1933.75;0;1
1941.33;0;1
1942.59;0;1
1943.75;0;1
1951.33;0;1
1952.59;0;1
1953.75;0;1
1961.33;0;1
1962.59;0;1
1963.75;0;1
1972.17;0;2
1973.33;0;1
1982.17;0;2
1983.33;0;1
1991.75;0;1
1993.01;0;1
1994.17;0;1
2002.59;0;2
2003.75;0;1
2012.59;0;2
2013.75;0;1
2022.59;0;2
2023.75;0;1
2032.59;0;2
2034.92;0;1
2042.59;0;2
2044.92;0;1
2047.43;0;1
2052.05;0;1
2053.43;0;1
2054.59;0;1
2055.6;0;1
2061.84;0;1
2062.88;0;1
2064.17;0;1
2073.01;0;2
2074.17;0;1
2082.59;0;1
2083.85;0;1
2085.01;0;1
2089.87;0;1
2092.49;0;1
2093.85;0;1
2095.01;0;1
2098.04;0;1
2100.47;0;1
2103.1;0;2
2104.1;0;1
2105.19;0;1
2106.77;0;1
2109.64;0;1
2113.09;0;2
2115.4;0;1
2118.6;0;1
2123.42;0;2
2124.51;0;1
2125.6;0;1
2128.92;0;1
2133.03;0;1
2134.38;0;2
2135.45;0;1
2137.25;0;1
2143.05;0;1
2144.31;0;1
2145.45;0;1
2152.93;0;2
2154.66;0;1
2155.77;0;1
2157.77;0;1
2160.9;0;1
2162.9;0;2
2165.07;0;1
2166.35;0;2
2168.4;0;1
2169.49;0;1
2172.57;0;1
2173.61;0;2
2174.61;0;1
2175.87;0;2
2178.78;0;1
2183.46;0;1
2184.7;0;2
2185.93;0;1
2189.37;0;1
2190.77;0;1
2191.85;0;1
2193.16;0;1
2194.21;0;1
2195.45;0;1
2196.63;0;1
2197.91;0;1
2202.93;0;1
2203.94;0;2
2205.42;0;1
2213.51;0;1
2214.77;0;1
2215.86;0;1
2219.61;0;1
2223.51;0;1
2224.77;0;1
2225.93;0;1
2228.18;0;1
2233.51;0;1
2234.77;0;1
2236.55;0;1
2243.88;0;1
2244.97;0;1
2246.97;0;1
2249.39;0;1
2253.97;0;1
2255.1;0;2
2256.32;0;1
2264.25;0;1
2265.37;0;1
2266.61;0;1
2274.3;0;1
2275.61;0;1
2276.7;0;1
2281.11;0;1
2284.3;0;1
2285.7;0;2
2286.77;0;1
2291.63;0;1
2294.21;0;1
2295.34;0;1
2296.67;0;1
2298.46;0;1
2299.51;0;1
2302.38;0;1
2304.34;0;1
2306.51;0;1
2307.86;0;1
2309.97;0;1
2314.03;0;1
2315.59;0;1
2316.66;0;1
2319.79;0;1
2321.04;0;1
2324.24;0;1
2325.29;0;1
2326.36;0;1
2327.38;0;1
2329.03;0;1
2330.04;0;1
2331.07;0;1
2332.53;0;1
2334.21;0;2
2335.29;0;1
2336.62;0;1
2337.71;0;1
2339.72;0;1
2342.54;0;1
2344.77;0;1
2346.86;0;1
2347.89;0;2
2348.9;0;1
2353.39;0;1
2354.99;0;1
2356.49;0;1
2357.56;0;1
2361.33;0;1
2365.02;0;1
2366.53;0;1
2373.89;0;1
2375.37;0;1
2377.35;0;1
2385.37;0;1
2387.76;0;1
2390.87;0;1
2394.89;0;1
2397.77;0;1
2399.45;0;1
2400.49;0;1
2404.95;0;1
2407.04;0;1
2408.91;0;1
2415.74;0;1
2417.08;0;1
2425.92;0;1
2427.08;0;1
2431.94;0;1
2435.89;0;1
2437.8;0;1
2440.4;0;1
2442.49;0;1
2444.11;0;1
2445.55;0;1
2446.58;0;1
2447.67;0;1
2454.75;0;1
2456.3;0;1
2458.34;0;1
2466.34;0;1
2468.34;0;1
2476.34;0;1
2478.34;0;1
2483.18;0;1
2485.97;0;1
2488.37;0;1
2495.35;0;1
2496.44;0;1
2498.34;0;1
2506.34;0;1
2508.79;0;1
2511.85;0;1
2515.93;0;1
2519.18;0;1
2520.3;0;1
2526.43;0;1
2529.05;0;1
2536.76;0;1
2539.41;0;1
2546.76;0;1
2549.39;0;1
2552.27;0;1
2556.76;0;1
2559.15;0;1
2560.44;0;1
2567.08;0;1
2569.76;0;1
2572.58;0;1
2576.48;0;1
2579.78;0;1
2580.9;0;1
2587.11;0;1
2589.78;0;1
2597.5;0;1
2599.78;0;1
2607.5;0;1
2610.2;0;1
2617.5;0;1
2620;0;1
2623.39;0;1
2627.12;0;1
2629.83;0;1
2631.56;0;1
2632.63;0;1
2637.61;0;1
2639.7;0;1
2641.21;0;1
2648.38;0;1
2649.54;0;1
2658.38;0;1
2659.54;0;1
2668.38;0;1
2670.2;0;1
2673.88;0;1
2675.42;0;1
2678.38;0;1
2679.54;0;1
2682.05;0;1
2683.05;0;2
2684.05;0;1
2685.05;0;1
2686.14;0;1
2687.14;0;1
2688.23;0;1
2689.23;0;2
2690.32;0;2
2691.36;0;1
2692.4;0;1
2693.45;0;1
2694.49;0;2
2695.54;0;1
2698.8;0;1
2700.93;0;1
2704.55;0;1
2708.8;0;1
2710.93;0;1
2714.91;0;1
2718.86;0;1
2721.04;0;1
2725.39;0;1
2729.28;0;1
2730.44;0;1
2735.79;0;1
2739.67;0;1
2740.83;0;1
2746.21;0;1
2749.67;0;1
2750.83;0;1
2756.21;0;1
2760;0;1
2761.21;0;1
2766.63;0;1
2770.51;0;1
2771.63;0;1
2776.5;0;1
2777.58;0;1
2780.42;0;1
2781.46;0;1
2783.34;0;1
2786.62;0;1
2790.17;0;1
2791.66;0;1
2796.84;0;1
2800.42;0;1
2801.84;0;1
2807.53;0;1
2810.72;0;1
2811.88;0;1
2817.95;0;1
2821.14;0;1
2822.26;0;1
2827.95;0;1
2831.21;0;1
2832.33;0;1
2837.16;0;1
2838.37;0;1
2840.84;0;1
2841.97;0;1
2844.41;0;1
2848.17;0;1
2850.7;0;1
2851.95;0;1
2858.62;0;1
2860.7;0;1
2862.33;0;1
2868.66;0;1
2870.7;0;1
2872.37;0;1
2878.68;0;1
2880.72;0;1
2883.43;0;1
2888.68;0;1
2890.72;0;1
2893.43;0;1
2898.68;0;1
2901.6;0;1
2902.79;0;1
2908.68;0;1
2911.6;0;1
2912.79;0;1
2917.75;0;1
2919.1;0;1
2921.14;0;1
2922.79;0;1
2924.62;0;1
2929.1;0;1
2931.14;0;1
2933.22;0;1
2939.1;0;1
2942.09;0;1
2943.25;0;1
2949.1;0;1
2952.09;0;1
2953.25;0;1
2959.1;0;1
2962.09;0;1
2963.25;0;1
2969.1;0;1
2972.35;0;1
2973.47;0;1
2978.31;0;1
2979.56;0;1
2982.35;0;1
2983.47;0;1
2986.48;0;1
2988.65;0;1
2989.74;0;1
2991.32;0;1
2992.4;0;1
2993.51;0;1
2994.78;0;1
2997.65;0;1
2999.13;0;1
3002.4;0;1
3003.51;0;1
3008.35;0;1
3009.6;0;1
3012.44;0;1
3013.55;0;1
3016.52;0;1
3018.39;0;1
3019.57;0;1
3021.7;0;1
3023.61;0;1
3026.56;0;1
3029.27;0;1
3032.18;0;1
3034.2;0;1
3039.55;0;1
3042.53;0;1
3045;0;1
3049.55;0;1
3052.16;0;1
3054.39;0;2
3059.81;0;1
3062.06;0;1
3063.11;0;1
3064.64;0;1
3065.93;0;1
3068.6;0;1
3069.69;0;1
3071.27;0;1
3072.81;0;1
3074.14;0;1
3075.23;0;1
3080;0;1
3082.83;0;1
3085.11;0;1
3090.11;0;1
3093.11;0;1
3095.11;0;1
3100;0;1
3103.14;0;1
3105.11;0;1
3109.94;0;2
3112.66;0;1
3114.61;0;1
3118.11;0;1
3120.2;0;1
3122.87;0;1
3125.53;0;1
3130.55;0;1
3133.55;0;1
3135.53;0;1
3140.42;0;1
3143.56;0;1
3145.56;0;1
3150.62;0;1
3153.56;0;1
3155.56;0;1
3161.04;0;1
3163.56;0;1
3165.56;0;1
3171.04;0;1
3173.56;0;1
3175.56;0;1
3180.39;0;1
3181.48;0;1
3183.2;0;1
3185.2;0;1
3188.56;0;1
3191.33;0;1
3193.35;0;1
3195.99;0;1
3201.46;0;1
3203.56;0;1
3206.41;0;1
3211.46;0;1
3213.56;0;1
3216.44;0;1
3221.46;0;1
3223.56;0;1
3226.5;0;1
3231.46;0;1
3233.56;0;1
3236.5;0;1
3241.46;0;1
3243.56;0;1
3246.5;0;1
3251.46;0;1
3253.56;0;1
3256.11;0;1
3257.13;0;1
3259.06;0;1
3261.46;0;1
3263.18;0;1
3264.31;0;1
3265.62;0;1
3266.94;0;1
3268.36;0;1
3271.03;0;2
3273.11;0;1
3274.12;0;1
3276.5;0;1
3277.62;0;1
3281.11;0;1
3283.66;0;1
3286.5;0;1
3291.29;0;1
3292.62;0;1
3293.7;0;1
3295.85;0;1
3301.17;0;2
3304.5;0;1
3306.01;0;1
3311.26;0;1
3314.5;0;1
3316.59;0;1
3321.55;0;1
3324.55;0;1
3327.01;0;1
3331.55;0;1
3334.55;0;1
3337.01;0;1
3341.55;0;1
3344.17;0;1
3347;0;1
3348.13;0;1
3351.55;0;1
3352.66;0;1
3353.93;0;1
3355.53;0;1
3356.55;0;1
3361.55;0;1
3364.17;0;1
3366.38;0;2
3371.63;0;1
3373.93;0;1
3374.97;0;1
3376.47;0;2
3381.63;0;1
3384.11;0;1
3385.15;0;1
3386.47;0;2
3391.25;0;1
3392.28;0;1
3394.24;0;1
3395.34;0;1
3396.71;0;1
3397.75;0;1
3398.83;0;1
3401.67;0;1
3402.79;0;1
3404.17;0;1
3405.46;0;1
3406.59;0;2
3407.68;0;1
3409.26;0;1
3411.34;0;2
3412.4;0;1
3413.94;0;1
3415.23;0;1
3416.45;0;1
3417.5;0;1
3418.57;0;1
3421.72;0;1
3423.44;0;1
3424.53;0;1
3427.72;0;1
3431.72;0;1
3434.72;0;1
3437.72;0;1
3441.72;0;1
3444.34;0;1
3446.55;0;1
3447.64;0;1
3451.72;0;1
3454.68;0;1
3455.83;0;1
3457.72;0;1
3461.34;0;1
3462.83;0;1
3464.34;0;1
3467.13;0;1
3469.85;0;1
3471;0;1
3472.31;0;1
3473.69;0;2
3474.97;0;2
3476.01;0;1
3477.19;0;2
3478.27;0;1
3479.28;0;1
3480.47;0;1
3481.52;0;1
3482.61;0;1
3483.74;0;1
3484.98;0;1
3486.1;0;1
3487.1;0;2
3488.11;0;2
3491.27;0;1
3492.34;0;2
3494.14;0;1
3495.37;0;1
3497.17;0;1
3498.2;0;2
3502.1;0;1
3503.46;0;1
3504.81;0;1
3505.95;0;1
3507.48;0;1
3511.45;0;1
3512.69;0;2
3514.56;0;1
3515.82;0;1
3516.86;0;1
3517.98;0;2
3520.83;0;1
3521.83;0;1
3523.79;0;2
3524.91;0;2
3526.14;0;1
3527.17;0;1
3528.39;0;2
3529.58;0;3
3532.21;0;1
3533.49;0;2
3534.54;0;1
3535.6;0;1
3536.74;0;1
3537.74;0;2
3539.01;0;1
3540.19;0;1
3541.49;0;1
3542.54;0;3
3543.63;0;2
3544.64;0;2
3545.73;0;1
3546.99;0;1
3548.37;0;3
3549.49;0;1
3550.53;0;3
3551.62;0;1
3552.62;0;3
3554.53;0;1
3555.71;0;2
3557.08;0;2
3558.12;0;4
3559.21;0;1
3560.49;0;1
3561.62;0;1
3562.63;0;4
3563.7;0;1
3565.08;0;2
3566.12;0;3
3567.13;0;1
3568.13;0;3
3569.17;0;1
3570.25;0;1
3571.29;0;1
3572.3;0;2
3573.34;0;3
3575.01;0;1
3576.43;0;1
3577.76;0;3
3578.79;0;1
3580;0;1
3581.08;0;1
3582.08;0;1
3583.21;0;1
3584.22;0;2
3585.22;0;1
3586.59;0;2
3587.84;0;2
3589.05;0;1
3590.3;0;1
3591.79;0;1
3592.8;0;3
3593.83;0;1
3594.83;0;1
3595.89;0;2
3597.89;0;1
3599.21;0;2
3600.42;0;2
3602.08;0;2
3604.13;0;1
3605.13;0;2
3606.59;0;1
3608.02;0;1
3609.26;0;2
3610.64;0;1
3611.79;0;1
3612.8;0;1
3614.46;0;1
3615.47;0;1
3616.8;0;2
3617.99;0;1
3619.3;0;1
3621.3;0;1
3622.33;0;1
3623.34;0;3
3624.34;0;1
3625.52;0;1
3626.6;0;1
3627.99;0;2
3629.23;0;1
3630.45;0;1
3631.85;0;2
3632.87;0;3
3633.9;0;1
3634.91;0;1
3635.95;0;3
3637.16;0;1
3638.33;0;3
3639.39;0;2
3641.4;0;1
3642.43;0;1
3643.45;0;2
3644.9;0;1
3646.12;0;1
3647.12;0;2
3648.28;0;2
3649.39;0;1
3650.42;0;2
3652.57;0;1
3653.66;0;1
3654.9;0;2
3655.99;0;1
3657.4;0;1
3658.45;0;1
3659.52;0;1
3660.54;0;1
3662.66;0;1
3663.67;0;1
3664.91;0;1
3665.99;0;2
3667.33;0;2
3668.66;0;2
3672.79;0;1
3673.84;0;1
3674.88;0;1
3676.12;0;1
3677.77;0;1
3678.93;0;1
3681.27;0;1
3682.3;0;1
3683.81;0;1
3685.44;0;1
3686.48;0;1
3687.8;0;1
3689.02;0;1
3690.36;0;1
3693.24;0;1
3694.28;0;1
3695.3;0;1
3696.48;0;1
3697.78;0;1
3698.81;0;3
3699.81;0;1
3700.86;0;1
3703.88;0;1
3706.54;0;1
3709.07;0;2
3713.24;0;1
3716.88;0;1
3719.88;0;1
3723.88;0;1
3726.93;0;1
3729.93;0;1
3733.88;0;1
3736.55;0;1
3739.39;0;2
3743.51;0;1
3744.6;0;1
3747.35;0;1
3749.04;0;1
3750.06;0;1
3753.21;0;1
3756.9;0;1
3759.93;0;1
3767.35;0;1
3770.01;0;1
3777.35;0;1
3780;0;1
3787.35;0;1
3790.01;0;1
3797.35;0;1
3800;0;1
3807.35;0;1
3810.01;0;1
3817.35;0;1
3820;0;1
3827.35;0;1
3830.35;0;1
3837.35;0;1
3840;0;1
3847.35;0;1
3849.97;0;1
3852.85;0;1
3857.02;0;1
3858.15;0;1
3859.73;0;1
3867.49;0;1
3869.95;0;1
3871.4;0;1
3877.49;0;1
3880;0;1
3881.51;0;1
3887.49;0;1
3890.35;0;1
3892.23;0;1
3897.49;0;1
3900;0;1
3902.28;0;1
3907.93;0;1
3910.35;0;1
3912.28;0;1
3917.93;0;1
3920;0;1
3922.67;0;1
3928.35;0;1
3930.35;0;1
3933.09;0;1
3938.35;0;1
3940;0;1
3943.13;0;1
3948.37;0;1
3950.35;0;1
3953.55;0;1
3958.37;0;1
3960;0;1
3963.63;0;1
3964.86;0;1
3968.32;0;1
3970;0;1
3971.69;0;1
3973.62;0;1
3977.62;0;1
3980.42;0;1
3984.05;0;1
3987.99;0;1
3990.42;0;1
3994.47;0;1
3998.01;0;1
4000.42;0;1
4004.89;0;1
4008.39;0;1
4011.19;0;1
4014.89;0;1
4018.39;0;1
4021.19;0;1
4024.89;0;1
4028.39;0;1
4031.19;0;1
4033.89;0;1
4034.9;0;1
4037.9;0;1
4039.42;0;1
4041.25;0;1
4044.92;0;1
4048.43;0;1
4051.25;0;1
4054.92;0;1
4056.09;0;1
4058.42;0;1
4060.62;0;1
4063.34;0;1
4064.46;0;1
4068.47;0;1
4071.3;0;1
4074.92;0;1
4078.47;0;1
4081.3;0;1
4084.92;0;1
4089.31;0;1
4091.72;0;1
4095.34;0;1
4098.89;0;1
4101.72;0;1
4105.34;0;1
4108.89;0;1
4111.72;0;1
4115.34;0;1
4119.73;0;1
4122.14;0;1
4125.34;0;1
4129.76;0;1
4130.88;0;1
4132.14;0;1
4134.85;0;1
4139.05;0;1
4140.42;0;1
4142.14;0;1
4145.27;0;1
4150.18;0;1
4152.56;0;1
4156.3;0;1
4160;0;1
4162.56;0;1
4166.3;0;1
4170.18;0;1
4172.56;0;1
4176.3;0;1
4180;0;1
4182.56;0;1
4186.3;0;1
4187.41;0;1
4189.43;0;1
4192.6;0;1
4194.25;0;1
4196.3;0;1
4200.42;0;1
4203.02;0;1
4206.72;0;1
4210.6;0;1
4213.44;0;1
4217.14;0;1
4220.42;0;1
4223.44;0;1
4227.75;0;1
4230.75;0;1
4233.75;0;1
4237.75;0;1
4240.42;0;1
4243.75;0;1
4247.75;0;1
4250.75;0;1
4253.79;0;1
4257.75;0;1
4260.42;0;1
4263.79;0;1
4267.75;0;1
4270.75;0;1
4273.41;0;1
4276.25;0;1
4277.5;0;1
4280.37;0;1
4281.48;0;1
4282.76;0;1
4283.8;0;1
4285;0;1
4287.04;0;1
4288.12;0;1
4290.42;0;1
4291.57;0;1
4293.62;0;1
4297.79;0;1
4300.81;0;1
4303.88;0;1
4308.18;0;1
4311.18;0;1
4314.18;0;1
4318.18;0;1
4321.18;0;1
4324.18;0;1
4328.6;0;1
4331.18;0;1
4333.81;0;1
4336.69;0;1
4338.06;0;1
4340.81;0;1
4341.99;0;1
4343.57;0;1
4344.86;0;1
4348.24;0;1
4351.5;0;1
4354.21;0;1
4359.14;0;1
4361.92;0;1
4364.23;0;1
4369.14;0;1
4372.14;0;1
4374.23;0;1
4379.14;0;1
4382.19;0;1
4384.23;0;1
4389.14;0;1
4392.19;0;1
4394.23;0;1
4399.14;0;1
4402.61;0;1
4403.77;0;1
4409.14;0;1
4412.61;0;1
4413.77;0;1
4418.6;0;2
4422.61;0;1
4423.77;0;1
4426.77;0;1
4429.14;0;1
4432.23;0;1
4433.77;0;1
4439.02;0;1
4442.53;0;1
4444.02;0;1
4449.02;0;1
4452.91;0;1
4454.02;0;1
4459.02;0;1
4462.91;0;1
4464.07;0;1
4469.02;0;1
4473.33;0;1
4474.44;0;1
4479.44;0;1
4483.33;0;1
4484.44;0;1
4489.44;0;1
4493.33;0;1
4494.44;0;1
4499.44;0;1
4503.33;0;1
4504.44;0;1
4509.14;0;1
4510.28;0;1
4513.33;0;1
4514.44;0;1
4518.45;0;1
4519.86;0;1
4523.29;0;1
4524.86;0;1
4529.37;0;1
4533.76;0;1
4534.88;0;1
4539.72;0;1
4543.76;0;1
4544.92;0;1
4549.88;0;1
4553.76;0;1
4554.92;0;1
4559.56;0;1
4560.84;0;1
4563.76;0;1
4564.92;0;1
4569.01;0;1
4570.3;0;1
4573.76;0;1
4576.02;0;1
4579.26;0;1
4580.62;0;1
4581.71;0;1
4583.43;0;1
4584.84;0;1
4589.88;0;2
4593.06;0;1
4599.92;0;1
4603.81;0;1
4609.92;0;1
4613.81;0;1
4619.92;0;1
4623.81;0;1
4629.92;0;1
4633.81;0;1
4635.43;0;1
4639.31;0;1
4640.6;0;2
4643.44;0;1
4644.58;0;1
4649.48;0;1
4650.9;0;1
4653.57;0;2
4656.35;0;1
4660;0;1
4661.75;0;1
4663.79;0;3
4668.63;0;1
4670.28;0;1
4674.53;0;2
4675.78;0;1
4679.76;0;1
4681.41;0;1
4684.53;0;2
4690.03;0;2
4694.2;0;3
4700;0;1
4704.08;0;1
4705.17;0;1
4709.58;0;1
4710.67;0;1
4713.75;0;1
4714.98;0;2
4720.89;0;1
4724.66;0;2
4731.04;0;1
4734.5;0;1
4735.54;0;1
4741.04;0;1
4745.08;0;2
4751.33;0;1
4755.08;0;2
4761.46;0;1
4765.08;0;2
4771.46;0;1
4775.08;0;2
4779.92;0;1
4781.46;0;1
4785.34;0;2
4788.09;0;1
4790.91;0;1
4791.91;0;1
4794.96;0;2
4796;0;1
4800.47;0;1
4801.88;0;1
4804.88;0;1
4805.88;0;3
4806.88;0;1
4807.91;0;1
4809.01;0;1
4810.05;0;1
4811.1;0;1
4812.14;0;2
4813.19;0;1
4814.23;0;1
4815.28;0;2
4816.32;0;2
4817.36;0;1
4818.41;0;1
4819.45;0;1
4820.5;0;2
4821.54;0;2
4822.56;0;1
4823.61;0;1
4824.65;0;1
4826;0;1
4827.14;0;1
4828.67;0;1
4829.67;0;2
4830.71;0;1
4831.71;0;2
4832.76;0;2
4833.79;0;1
4834.8;0;1
4835.85;0;3
4836.89;0;1
4837.89;0;1
4838.93;0;2
4839.98;0;1
4841.02;0;2
4842.07;0;2
4843.07;0;1
4844.11;0;2
4845.16;0;1
4846.16;0;2
4847.2;0;2
4848.25;0;1
4849.29;0;2
4850.29;0;1
4851.29;0;1
4852.34;0;4
4853.4;0;1
4854.51;0;2
4855.51;0;2
4856.56;0;4
4857.6;0;2
4858.6;0;2
4859.65;0;2
4860.74;0;1
4861.78;0;1
4862.82;0;3
4863.87;0;1
4864.87;0;2
4865.96;0;2
4867;0;2
4868.04;0;2
4869.09;0;1
4870.13;0;2
4871.17;0;2
4872.22;0;2
4873.22;0;1
4874.26;0;2
4875.31;0;1
4876.31;0;3
4877.4;0;2
4878.44;0;1
4879.44;0;1
4880.46;0;2
4881.58;0;1
4882.58;0;3
4883.62;0;1
4884.62;0;2
4885.62;0;2
4886.75;0;2
4887.8;0;2
4888.84;0;1
4889.84;0;1
4890.89;0;2
4891.93;0;1
4892.93;0;2
4894.02;0;2
4895.07;0;2
4896.07;0;2
4897.11;0;2
4898.16;0;1
4899.16;0;1
4900.24;0;3
4901.29;0;1
4902.33;0;3
4903.33;0;1
4904.38;0;2
4905.42;0;2
4906.47;0;1
4907.47;0;4
4908.56;0;1
4909.6;0;2
4910.64;0;2
4911.64;0;1
4912.66;0;3
4913.75;0;2
4914.8;0;2
4915.84;0;2
4916.86;0;3
4917.88;0;1
4918.9;0;3
4919.95;0;2
4920.96;0;2
4921.99;0;2
4923.01;0;2
4924.05;0;3
4925.05;0;1
4926.05;0;2
4927.1;0;2
4928.1;0;2
4929.1;0;2
4930.18;0;2
4931.19;0;2
4932.23;0;2
4933.23;0;2
4934.3;0;2
4935.32;0;2
4936.35;0;1
4937.35;0;4
4938.41;0;2
4939.44;0;1
4940.52;0;1
4941.61;0;1
4942.85;0;2
4944.28;0;1
4945.46;0;1
4946.46;0;2
4947.51;0;2
4948.55;0;1
4949.59;0;1
4950.64;0;2
4951.64;0;2
4952.68;0;4
4953.73;0;2
4954.77;0;2
4955.82;0;2
4956.85;0;3
4957.85;0;4
4958.87;0;3
4959.92;0;3
4960.96;0;3
4962;0;3
4963.05;0;4
4964.09;0;3
4965.14;0;3
4966.18;0;3
4967.18;0;3
4968.27;0;5
4969.27;0;4
4970.32;0;4
4971.32;0;4
4972.36;0;4
4973.4;0;5
4974.45;0;4
4975.45;0;4
4976.45;0;4
4977.49;0;5
4978.49;0;4
4979.54;0;4
4980.72;0;4
4981.76;0;4
4982.8;0;4
4983.85;0;5
4984.89;0;4
4985.94;0;4
4986.94;0;4
4988.03;0;5
4989.07;0;4
4990.12;0;3
4991.16;0;3
4992.2;0;3
4993.22;0;3
4994.31;0;1
4995.36;0;1
4996.4;0;1
4997.44;0;3
4998.49;0;1
4999.53;0;2
5000.58;0;1
5001.58;0;2
5002.67;0;1
5003.71;0;2
5004.76;0;1
5005.8;0;1
5006.84;0;1
5007.89;0;2
5008.93;0;1
5009.98;0;1
5011.02;0;1
5012.07;0;1
5013.11;0;1
5014.16;0;2
5015.2;0;1
5016.24;0;1
5017.29;0;1
5018.29;0;2
5019.38;0;1
5020.38;0;2
5021.47;0;1
5022.51;0;1
5023.56;0;2
5024.6;0;2
5025.64;0;1
5026.64;0;1
5027.66;0;2
5028.66;0;1
5029.71;0;1
5030.75;0;1
5031.84;0;1
5032.88;0;1
5033.92;0;2
5034.92;0;1
5036.01;0;1
5037.06;0;1
5038.1;0;3
5039.15;0;1
5043.35;0;1
5044.65;0;1
5047.53;0;1
5048.74;0;1
5049.86;0;1
5050.86;0;1
5051.9;0;1
5052.9;0;1
5053.99;0;2
5055.04;0;1
5056.08;0;1
5057.13;0;1
5058.13;0;3
5059.22;0;2
5060.22;0;1
5062.77;0;1
5063.88;0;1
5065;0;1
5066;0;1
5067.04;0;2
5068.09;0;3
5069.13;0;1
5070.18;0;1
5071.22;0;1
5072.27;0;1
5073.31;0;2
5074.36;0;2
5075.4;0;1
5076.4;0;1
5077.45;0;1
5078.84;0;1
5080;0;1
5081.48;0;1
5082.57;0;1
5083.57;0;2
5084.61;0;1
5085.66;0;1
5086.7;0;1
5087.7;0;1
5088.79;0;3
5089.79;0;1
5092.35;0;1
5093.84;0;1
5094.97;0;1
5096.01;0;1
5097.01;0;2
5098.01;0;2
5099.01;0;1
5100.01;0;2
5101.1;0;1
5102.24;0;1
5103.28;0;2
5104.33;0;2
5105.37;0;1
5106.41;0;2
5107.46;0;1
5108.5;0;2
5109.55;0;2
5114.06;0;1
5118.12;0;1
5123.63;0;1
5124.64;0;1
5127.75;0;1
5128.77;0;1
5129.77;0;1
5130.82;0;1
5131.86;0;1
5132.9;0;1
5133.95;0;1
5134.99;0;2
5136.04;0;1
5137.08;0;1
5138.12;0;2
5139.17;0;1
5140.21;0;1
5141.26;0;1
5142.3;0;1
5143.35;0;1
5144.39;0;2
5145.44;0;1
5146.48;0;1
5147.52;0;1
5148.57;0;2
5149.61;0;1
5150.66;0;1
5151.7;0;1
5152.74;0;1
5153.79;0;1
5154.83;0;2
5155.88;0;1
5156.92;0;1
5157.97;0;2
5159.01;0;1
5160.06;0;1
5161.1;0;1
5162.14;0;1
5163.19;0;1
5164.23;0;1
5165.28;0;2
5166.32;0;1
5167.32;0;1
5168.41;0;2
5169.46;0;1
5170.5;0;1
5171.54;0;1
5172.59;0;1
5173.63;0;1
5174.68;0;2
5175.72;0;1
5176.77;0;1
5177.81;0;2
5178.81;0;1
5179.9;0;1
5180.9;0;2
5181.96;0;1
5182.99;0;1
5184.03;0;1
5185.03;0;2
5186.03;0;2
5187.03;0;1
5188.08;0;2
5189.12;0;1
5190.12;0;1
5191.17;0;1
5192.17;0;1
5193.21;0;1
5194.28;0;1
5195.52;0;2
5196.57;0;1
5197.61;0;1
5198.66;0;2
5199.66;0;2
5200.82;0;1
5204.37;0;1
5207.88;0;1
5208.99;0;2
5211.06;0;1
5213.73;0;1
5214.9;0;1
5216.39;0;1
5218.06;0;1
5219.27;0;2
5223.56;0;1
5224.9;0;1
5228.32;0;1
5229.52;0;1
5233.06;0;1
5235.36;0;1
5237.9;0;1
5239.52;0;1
5245.4;0;1
5248.45;0;1
5249.56;0;1
5254.4;0;1
5255.47;0;1
5258.89;0;1
5259.9;0;1
5262.57;0;1
5264.73;0;2
5265.73;0;1
5268.89;0;1
5270.23;0;1
5271.28;0;1
5273.72;0;1
5275;0;1
5276.04;0;1
5277.18;0;1
5278.21;0;2
5280.13;0;1
5281.13;0;1
5284.84;0;1
5287.68;0;1
5288.71;0;2
5289.76;0;1
5290.76;0;1
5291.92;0;1
5293.02;0;1
5294.63;0;1
5295.89;0;1
5297.15;0;2
5298.3;0;2
5299.47;0;1
5300.65;0;1
5301.76;0;1
5305.21;0;1
5308.09;0;1
5309.18;0;1
5310.27;0;1
5312.93;0;1
5315.47;0;1
5317.87;0;1
5318.91;0;2
5324.7;0;1
5325.89;0;1
5326.99;0;1
5328.09;0;1
5329.09;0;1
5330.72;0;1
5335.25;0;1
5337.92;0;1
5338.94;0;3
5341.61;0;1
5345.52;0;1
5346.91;0;1
5348.1;0;1
5349.11;0;1
5352.01;0;1
5355.2;0;2
5358.1;0;1
5359.19;0;1
5360.52;0;1
5363.31;0;1
5364.69;0;1
5365.78;0;1
5368.56;0;1
5369.95;0;1
5371.03;0;1
5372.14;0;1
5373.54;0;1
5374.63;0;1
5375.71;0;1
5377.23;0;1
5378.52;0;1
5379.6;0;1
5380.71;0;1
5382.23;0;1
5384.27;0;1
5385.38;0;1
5386.56;0;1
5387.56;0;1
5388.59;0;1
5391.39;0;1
5392.77;0;1
5393.97;0;1
5395.1;0;1
5396.19;0;1
5397.77;0;1
5398.81;0;1
5401.48;0;1
5402.6;0;1
5405.36;0;1
5409.07;0;1
5412.11;0;1
5415.77;0;1
5419.07;0;1
5422.16;0;1
5425.69;0;1
5426.99;0;1
5428.36;0;1
5429.46;0;1
5430.53;0;1
5431.87;0;1
5432.96;0;1
5434;0;1
5435.04;0;1
5436.04;0;1
5439.09;0;1
5440.09;0;2
5441.13;0;3
5442.13;0;2
5443.17;0;1
5444.18;0;1
5445.22;0;1
5446.22;0;1
5447.22;0;2
5448.8;0;1
5449.85;0;2
5450.86;0;1
5451.89;0;1
5452.91;0;1
5454.26;0;2
5455.35;0;2
5456.6;0;1
5457.64;0;1
5458.64;0;2
5459.99;0;2
5461.39;0;1
5462.43;0;1
5463.48;0;1
5464.85;0;1
5465.97;0;2
5467.06;0;1
5468.14;0;1
5469.52;0;1
5470.65;0;2
5475.49;0;1
5476.58;0;2
5477.74;0;1
5478.83;0;1
5479.94;0;1
5481.42;0;1
5482.51;0;1
5486.05;0;1
5487.09;0;1
5489.16;0;1
5490.25;0;2
5491.29;0;1
5493.74;0;1
5495.04;0;1
5496.05;0;2
5497.36;0;1
5499.21;0;2
5501.95;0;1
5504.04;0;1
5506.09;0;1
5507.3;0;1
5508.47;0;2
5509.62;0;1
5510.8;0;1
5513.13;0;1
5514.29;0;1
5515.8;0;1
5516.8;0;1
5519.01;0;1
5520.26;0;2
5521.35;0;1
5522.51;0;2
5523.6;0;1
5525.6;0;1
5526.65;0;4
5529.64;0;1
5530.73;0;2
5531.82;0;1
5533.09;0;3
5535.17;0;1
5536.18;0;2
5537.27;0;2
5538.39;0;1
5539.52;0;2
5541.47;0;1
5542.48;0;2
5544.72;0;1
5545.73;0;1
5547.07;0;2
5548.31;0;1
5549.74;0;1
5550.75;0;1
5552.01;0;2
5553.19;0;1
5554.94;0;1
5556.02;0;2
5557.26;0;1
5558.28;0;2
5559.81;0;1
5560.86;0;1
5561.87;0;2
5562.91;0;1
5563.91;0;2
5565.37;0;1
5566.4;0;2
5569.07;0;1
5570.37;0;3
5573.86;0;1
5575.87;0;1
5577.16;0;1
5578.17;0;1
5580.37;0;1
5581.67;0;1
5582.76;0;1
5583.99;0;1
5586.78;0;1
5590.79;0;1
5594.26;0;1
5596.46;0;1
5600.98;0;1
5602.13;0;1
5604.41;0;1
5606.46;0;1
5610.68;0;1
5612.05;0;2
5614.26;0;1
5616.6;0;1
5620.6;0;1
5621.66;0;1
5624.64;0;1
5626.66;0;1
5631.44;0;1
5632.59;0;1
5634.78;0;1
5636.71;0;1
5638;0;1
5640.87;0;1
5641.96;0;1
5644.37;0;1
5646.78;0;1
5652.08;0;1
5654.78;0;1
5656.78;0;1
5661.5;0;1
5662.85;0;1
5664.78;0;1
5666.78;0;1
5671.02;0;1
5672.11;0;1
5674.78;0;1
5676.78;0;1
5681.5;0;1
5682.85;0;1
5684.78;0;1
5686.78;0;1
5691.02;0;1
5692.11;0;1
5693.12;0;1
5694.78;0;1
5696.78;0;1
5698.13;0;1
5702.1;0;1
5704.3;0;1
5706.76;0;1
5712.15;0;1
5714.59;0;1
5716.89;0;1
5722.15;0;1
5724.89;0;1
5726.93;0;1
5732.15;0;1
5734.89;0;1
5738.03;0;1
5742.14;0;1
5745.35;0;1
5748.26;0;1
5752.14;0;1
5755.35;0;1
5758.26;0;1
5762.14;0;1
5765.35;0;1
5768.21;0;1
5770.19;0;1
5772.14;0;1
5775.2;0;1
5777.02;0;1
5778.29;0;1
5780.04;0;1
5781.74;0;1
5785.66;0;1
5787.29;0;1
5788.34;0;1
5792.2;0;1
5796.08;0;1
5797.7;0;1
5798.8;0;1
5802.62;0;1
5803.63;0;1
5806.5;0;1
5808.71;0;1
5812.62;0;1
5816.26;0;1
5818.08;0;1
5822.98;0;1
5827.37;0;1
5828.53;0;1
5832.38;0;1
5833.81;0;1
5837.65;0;1
5838.66;0;1
5839.73;0;2
5842.35;0;1
5843.44;0;1
5844.64;0;1
5846.31;0;1
5847.35;0;1
5848.64;0;2
5849.77;0;1
5852.77;0;1
5854.19;0;2
5857;0;1
5858.36;0;1
5859.58;0;1
5862.71;0;1
5864.26;0;1
5867.42;0;1
5868.84;0;1
5870.43;0;1
5873.46;0;1
5877.68;0;1
5879.27;0;1
5883.78;0;1
5884.89;0;1
5887.71;0;1
5889.06;0;1
5890.07;0;1
5891.94;0;1
5892.94;0;1
5893.94;0;2
5894.98;0;1
5896.08;0;1
5897.21;0;1
5899.4;0;1
5900.63;0;1
5901.95;0;1
5903;0;1
5904.11;0;2
5905.2;0;2
5906.31;0;1
5907.57;0;2
5908.9;0;1
5910;0;4
5911.04;0;2
5912.04;0;1
5913.09;0;3
5914.09;0;2
5915.13;0;1
5916.17;0;2
5917.34;0;1
5918.54;0;1
5919.77;0;3
5922.18;0;1
5923.26;0;1
5924.35;0;1
5925.42;0;1
5926.44;0;2
5927.57;0;1
5928.71;0;4
5929.94;0;1
5931.02;0;2
5932.11;0;1
5933.18;0;1
5934.48;0;4
5935.61;0;2
5936.83;0;2
5938.04;0;1
5939.47;0;2
5940.48;0;2
5941.5;0;2
5942.52;0;2
5943.52;0;3
5944.57;0;3
5945.57;0;2
5946.7;0;1
5947.81;0;2
5948.97;0;3
5950.22;0;3
5951.22;0;4
5952.36;0;2
5953.4;0;1
5954.4;0;3
5955.44;0;3
5956.45;0;2
5957.49;0;3
5958.49;0;2
5959.53;0;3
5960.54;0;3
5961.63;0;1
5963.04;0;1
5964.04;0;3
5965.08;0;2
5966.28;0;5
5967.33;0;1
5968.62;0;1
5969.62;0;2
5970.79;0;3
5971.82;0;2
5972.91;0;1
5973.91;0;3
5975.09;0;1
5976.27;0;2
5977.5;0;1
5978.54;0;1
5979.58;0;2
5980.59;0;3
5981.79;0;1
5982.81;0;1
5983.99;0;2
5985.03;0;3
5986.06;0;1
5989.12;0;1
5990.28;0;2
5991.52;0;1
5992.76;0;1
5994.19;0;1
5995.54;0;2
5996.57;0;1
5997.75;0;1
5998.79;0;1
5999.79;0;1
6001.2;0;2
6002.21;0;1
6004.79;0;1
6005.83;0;1
6007.21;0;1
6008.51;0;1
6010.34;0;1
6012.08;0;1
6013.14;0;1
6014.38;0;1
6015.38;0;1
6017;0;1
6018;0;1
6019.42;0;1
6020.66;0;1
6021.87;0;1
6022.93;0;1
6025.6;0;1
6026.73;0;1
6029.06;0;1
6030.14;0;1
6031.17;0;1
6033.23;0;1
6038.04;0;1
6039.31;0;1
6040.53;0;1
6041.78;0;2
6042.87;0;1
6043.89;0;1
6046.37;0;1
6048.62;0;1
6049.98;0;2
6051.32;0;1
6052.4;0;2
6053.49;0;1
6056.11;0;1
6057.25;0;1
6059.28;0;1
6061.16;0;1
6063.74;0;1
6065.16;0;1
6069.12;0;1
